{"x_axis": [1, 2, 3, 4, 5, 6, 7, 8, 9, 10, 11, 12, 13, 14, 15, 16, 17, 18, 19, 20, 21, 22, 23, 24, 25, 26, 27, 28, 29, 30, 31, 32, 33, 34, 35, 36, 37, 38, 39, 40, 41, 42, 43, 44, 45, 46, 47, 48, 49, 50, 51, 52, 53, 54, 55, 56, 57, 58, 59, 60, 61, 62, 63, 64, 65, 66, 67, 68, 69, 70, 71, 72, 73, 74, 75, 76, 77, 78, 79, 80, 81, 82, 83, 84, 85, 86, 87, 88, 89, 90, 91, 92, 93, 94, 95, 96, 97, 98, 99, 100, 101, 102, 103, 104, 105, 106, 107, 108, 109, 110, 111, 112, 113, 114, 115, 116, 117, 118, 119, 120, 121, 122, 123, 124, 125, 126, 127, 128, 129, 130], "y_axis": [0.17910789028672983, 0.27694624028919956, 0.34439313187535103, 0.39865777519273626, 0.4468082433663661, 0.49017951699724777, 0.527768876388483, 0.5605394989292621, 0.5884541636375589, 0.6153434008380029, 0.6392896497300273, 0.6607929429980509, 0.6814684159261511, 0.7004505423417122, 0.7179082728190584, 0.7349521557432489, 0.7498196381041689, 0.7636481377062311, 0.7765428793016071, 0.7890723154183871, 0.8005025010332526, 0.8118375331937386, 0.8225195565252312, 0.832657018833497, 0.8412983188817397, 0.8497448769286501, 0.8579891315424828, 0.8660823123419892, 0.8733577916333726, 0.8803850555047732, 0.8869684150943423, 0.8932230102411642, 0.8993298680682228, 0.9052145679797979, 0.9107611466823716, 0.9159963350611399, 0.921061780294645, 0.9259902012355841, 0.930374372772126, 0.9345962624947705, 0.9385551733496992, 0.9423841942614816, 0.9459261663459776, 0.9492844684789874, 0.952411650042417, 0.9554805691272436, 0.9583571315402566, 0.9611202555398598, 0.9638064889055725, 0.9663031308414675, 0.9685611591007707, 0.9707125474489252, 0.9726803296230349, 0.9746113374567588, 0.9763979887706226, 0.9780339928182185, 0.9796201065583225, 0.9811121427866031, 0.9824385392602015, 0.9836957304431715, 0.9849264237007591, 0.9860871894035536, 0.9872139555468976, 0.988228524656521, 0.9891901687549964, 0.9900274385942434, 0.9908197192923036, 0.9915862850515432, 0.9922863414899686, 0.9929667018580979, 0.9936126807375155, 0.9942011104456037, 0.9947249513073246, 0.9952253424504656, 0.9956981314149947, 0.9961417794731977, 0.9965049968186285, 0.9968415928790607, 0.9971678312178843, 0.9974231719247331, 0.9976608474616225, 0.9978917755191207, 0.9981028977602134, 0.9983068160795651, 0.9984794963414229, 0.9986323187987513, 0.9987772940048529, 0.9989192492437204, 0.9990400863728246, 0.9991450711522865, 0.9992446831008271, 0.9993350954291188, 0.9994170787847151, 0.9994870941928324, 0.9995504559623496, 0.999610514218578, 0.9996554078973348, 0.9996972346127035, 0.9997369155695945, 0.9997760979896896, 0.99980785025821, 0.999837066098379, 0.9998615592940256, 0.999882238146077, 0.9998990527858945, 0.999914813241184, 0.9999297801673703, 0.9999422783276207, 0.9999534862796258, 0.9999626639530701, 0.9999701706615127, 0.9999753313730337, 0.9999800985559743, 0.999984409240922, 0.9999876439125853, 0.9999907432250918, 0.9999933697958605, 0.9999955682059556, 0.9999966711003733, 0.9999976554501138, 0.9999983778861702, 0.999999007918569, 0.9999994645825432, 0.9999997630048911, 0.9999998771064027, 0.9999999540480164, 0.9999999999999998, 0.9999999999999998, 0.9999999999999998, 0.9999999999999998]}